Workbook

Sheet date &time
A1: =TODAY() -> 46093
A2: =NOW() -> 46093.491
A3: =YEAR(NOW()) -> 2026
A4: =MONTH(NOW()) -> 3
A5: =DAY(NOW()) -> 12
A6: =HOUR(NOW()) -> 11
A7: =MINUTE(NOW()) -> 47
A8: =SECOND(NOW()) -> 18
A9: =WEEKDAY(NOW()) -> 5
A10: =DATE(2026,12,5) -> 46361
A11: =TIME(12,14,16) -> 0.50990741
A12: =EDATE(NOW(),2) -> 46154
A13: =EDATE(NOW(),-2) -> 46034
A14: =EOMONTH(NOW(),2) -> 46173
A15: =EOMONTH(NOW(),-2) -> 46053
A16: =WEEKNUM(NOW()) -> 11
A17: =DATE(2025,1,1) -> 45658
A18: =DATE(2026,4,10) -> 46122
A19: =YEARFRAC(A17,A18) -> 1.275
A20: =1.275*12 -> 15.3
A21: 46023
A22: 46053
A23: =NETWORKDAYS(A21,A22) -> 22 | B23: 46037 | C23: 46048 | D23: =NETWORKDAYS(A21,A22,B23:C23) -> 20 | E23: =NETWORKDAYS.INTL(A21,A22,7,B23:C23) -> 19 | F23: =WORKDAY(A21,250) -> 46373
A24: 46054
A25: 46081
A26: =NETWORKDAYS(A24,A25) -> 20
A27: 46357 | B27: 46381 | C27: =NETWORKDAYS(A27,A28,B27) -> 22 | D27: =WORKDAY(A27,20,B27) -> 46386
A28: 46387
A29: =NETWORKDAYS(A27,A28) -> 23

Sheet string
A1: Saran | B1: =UPPER(A1) -> SARAN | C1: =LOWER(B1) -> saran | D1: =LEFT(A1,3) -> Sar | E1: =RIGHT(A1,3) -> ran | F1: =MID(A1,2,3) -> ara | G1: =LEN(A1) -> 5 | H1: =REPT("😊",5) -> 😊😊😊😊😊 | J1: A-B-C-D-E | K1: {=_xlfn.TEXTSPLIT(J1,"-")} -> A | L1: B | M1: C | N1: D | O1: E | P1: =FIND("a",A1,1) -> 2 | Q1: =IFERROR(FIND("a",A1,1),"not available") -> 2 | R1: =SEARCH("A",A1,1) -> 2 | S1: Aabc123a | T1: =FIND("a",S1, FIND("a",S1,1)+1) -> 8 | U1: =SEARCH("a",S1, SEARCH("a",S1,1)+1) -> 2 | V1: =REPLACE(S1,1,4,"besant") -> besant123a | W1: excel 2016 2016 | Y1: =SUBSTITUTE(W1,"2016","2024") -> excel 2024 2024 | AA1: =SUBSTITUTE(W1,"2016","2025",1) -> excel 2025 2016
A2: Ram | B2: =UPPER(A2) -> RAM | C2: =LOWER(B2) -> ram | D2: =LEFT(A2,3) -> Ram | E2: =RIGHT(A2,3) -> Ram | F2: =MID(A2,2,3) -> am | G2: =LEN(A2) -> 3 | H2: =REPT("😊",3) -> 😊😊😊 | J2: A-B-C-D-E | K2: {=_xlfn.TEXTSPLIT(J2,"-")} -> A | L2: B | M2: C | N2: D | O2: E | P2: =FIND("m",A2,1) -> 3 | Q2: =IFERROR(FIND("s",A2,1),"not available") -> not available | S2: XYZabc123X4 | V2: =REPLACE(S2,1,5,"sudar") -> sudarc123X4 | W2: excel 2016 hello | Y2: =SUBSTITUTE(W2,"2016","2024") -> excel 2024 hello | AA2: =SUBSTITUTE(W2,"2016","2025",1) -> excel 2025 hello
A3: vineeth | B3: =UPPER(A3) -> VINEETH | C3: =LOWER(B3) -> vineeth | D3: =LEFT(A3,3) -> vin | E3: =RIGHT(A3,3) -> eth | F3: =MID(A3,2,3) -> ine | G3: =LEN(A3) -> 7 | H3: =REPT("😊",7) -> 😊😊😊😊😊😊😊 | J3: A-B-C-D-E | K3: {=_xlfn.TEXTSPLIT(J3,"-")} -> A | L3: B | M3: C | N3: D | O3: E | S3: Abc123ab123997 | W3: excel 2016 hello | Y3: =SUBSTITUTE(W3,"2016","2024") -> excel 2024 hello | AA3: =SUBSTITUTE(W3,"2016","2025",1) -> excel 2025 hello
A4: vinoth | B4: =UPPER(A4) -> VINOTH | C4: =LOWER(B4) -> vinoth | D4: =LEFT(A4,3) -> vin | E4: =RIGHT(A4,3) -> oth | F4: =MID(A4,2,3) -> ino | G4: =LEN(A4) -> 6 | J4: A-B-C-D-E | K4: {=_xlfn.TEXTSPLIT(J4,"-")} -> A | L4: B | M4: C | N4: D | O4: E | S4: Ab12349123a123 | W4: 2016 excel 2016 | Y4: =SUBSTITUTE(W4,"2016","2024") -> 2024 excel 2024 | AA4: =SUBSTITUTE(W4,"2016","2025",1) -> 2025 excel 2016
A5: vijay | B5: =UPPER(A5) -> VIJAY | C5: =LOWER(B5) -> vijay | D5: =LEFT(A5,3) -> vij | E5: =RIGHT(A5,3) -> jay | F5: =MID(A5,2,3) -> ija | G5: =LEN(A5) -> 5
A6: kannan | B6: =UPPER(A6) -> KANNAN | C6: =LOWER(B6) -> kannan | D6: =LEFT(A6,3) -> kan | E6: =RIGHT(A6,3) -> nan | F6: =MID(A6,2,3) -> ann | G6: =LEN(A6) -> 6
A7: ganesh | B7: =UPPER(A7) -> GANESH | C7: =LOWER(B7) -> ganesh | D7: =LEFT(A7,3) -> gan | E7: =RIGHT(A7,3) -> esh | F7: =MID(A7,2,3) -> ane | G7: =LEN(A7) -> 6
A8: tharun | B8: =UPPER(A8) -> THARUN | C8: =LOWER(B8) -> tharun | D8: =LEFT(A8,3) -> tha | E8: =RIGHT(A8,3) -> run | F8: =MID(A8,2,3) -> har | G8: =LEN(A8) -> 6
A9: dhanush | B9: =UPPER(A9) -> DHANUSH | C9: =LOWER(B9) -> dhanush | D9: =LEFT(A9,3) -> dha | E9: =RIGHT(A9,3) -> ush | F9: =MID(A9,2,3) -> han | G9: =LEN(A9) -> 7
A10: karthick | B10: =UPPER(A10) -> KARTHICK | C10: =LOWER(B10) -> karthick | D10: =LEFT(A10,3) -> kar | E10: =RIGHT(A10,3) -> ick | F10: =MID(A10,2,3) -> art | G10: =LEN(A10) -> 8
B11: =UPPER(A11) | D11: =LEFT(A11,3) | E11: =RIGHT(A11,3) | F11: =MID(A11,2,3)
B12: =UPPER(A12) | C12: =LOWER(B12) | D12: =LEFT(A12,3) | E12: =RIGHT(A12,3) | F12: =MID(A12,2,3)
B13: =UPPER(A13) | D13: =LEFT(A13,3) | E13: =RIGHT(A13,3) | F13: =MID(A13,2,3)
B14: =UPPER(A14) | C14: =LOWER(B14) | D14: =LEFT(A14,3) | E14: =RIGHT(A14,3) | F14: =MID(A14,2,3)

Sheet SUM,AVG&COUNT IF and ifs
A1: REGION | B1: SALES | H1: PERSON | I1: PRODUCT | J1: QUANTITY | K1: SUM IF | P1: AVGIF | S1: COUNTIF
A2: SOUTH | B2: 100 | C2: =SUMIF(A:A,"EAST",B:B) -> 70 | D2: SUMIF only word gn | H2: A | I2: APPLE | J2: 20 | P2: AVG OF APPLE SOLD BY A? | S2: COUNTIF
A3: NORTH | B3: 50 | C3: =SUMIF(A:A,"SOUTH",B:B) -> 150 | H3: A | I3: ORANGE | J3: 10 | K3: 1} FIND TOTAL APPLES SOLD BY PERSON A? | P3: =AVERAGEIFS(J:J,H:H,"A",I:I,"APPLE") -> 27.5
A4: EAST | B4: 50 | C4: =SUMIF(A:A,"E??T",B:B) -> 120 | D4: ?? 2 missing character | H4: B | I4: APPLE | J4: 20 | K4: =SUMIFS(J:J,H:H,"A",I:I,"APPLE") -> 110 | S4: =COUNTIFS(H:H,"A",I:I,"APPLE") -> 4
A5: WEST | B5: 20 | C5: =SUMIF(A:A,"*OFFICE",B:B) -> 110 | D5: * WORD *(means ethula venna start agalam) | H5: B | I5: ORANGE | J5: 30
A6: SOUTH NEW OFFICE | B6: 50 | C6: =SUMIF(A:A,"SOUTH *",B:B) -> 110 | D6: WORD* | H6: A | I6: KIWI | J6: 40 | K6: 2}B..KIWI..QUANTITY?
A7: SOUTH NORTH OFFICE | B7: 60 | H7: A | I7: APPLE | J7: 50 | K7: =SUMIFS(J:J,H:H,"B",I:I,"KIWI") -> 60
A8: ERRT | B8: 50 | C8: =AVERAGEIF(A:A,"SOUTH",B:B) -> 75 | D8: AVGIF ONLY GN WORD | H8: B | I8: KIWI | J8: 60
A9: SXZH | B9: 50 | C9: =AVERAGEIF(A:A,"E??T",B:B) -> 40 | D9: AVG WITH ?? 2 missing character | H9: C | I9: KIWI | J9: 70 | K9: (WORKS WITH MULTIPLE CONDITION
A10: OFFICE SOUTH | B10: 80 | C10: =AVERAGEIF(A:A,"*OFFICE",B:B) -> 55 | H10: C | I10: ORANGE | J10: 80 | K10: ANSERS CHANGES WHEN DATA ADDED ACCORDINGLY
A11: OFFICE NORTH | B11: 90 | H11: C | I11: ORANGE | J11: 10
A12: NORTH | B12: 80 | C12: =COUNTIF(A:A,"EAST") -> 2 | D12: COUNT IFS COUNT NUMBERS | H12: A | I12: APPLE | J12: 20 | P12: #countla qauntity colum ethukum varathu
A13: SOUTH | B13: 50 | H13: B | I13: ORANGE | J13: 30
A14: EAST | B14: 20 | H14: A | I14: APPLE | J14: 20
D15: (WORK WITH 1 CONDITION)

Sheet IF CONDITION
A2: AGE
A3: 14 | B3: =IF(A3<18,"BELOW 18","ABOVE 18") -> BELOW 18 | D3: = IF(A3<18,"BELOW 18","ABOVE 18")
A4: 13 | B4: =IF(A4<18,"BELOW 18","ABOVE 18") -> BELOW 18 | K4: AGE | L4: COUNTRY
A5: 15 | B5: =IF(A5<18,"BELOW 18","ABOVE 18") -> BELOW 18 | K5: 18 | L5: INDIA | N5: =IF(AND(K5<18,L5="INDIA"),"BELOW 18 INDIA",IF(AND(K5<18,L5<>"INDIA"),"BELOW 18"&L5,IF(AND(K5<56="INDIA"),"MIDDLE INDIA",IF(AND(K5<56,L5<>"INDIA"),"MIDDLEAGE"&L5,IF(AND(K5>56,L5="INDIA"),"SR.CIT.INDIA","SR.CIT"&L5))))) -> SR.CITINDIA
A6: 19 | B6: =IF(A6<18,"BELOW 18","ABOVE 18") -> ABOVE 18 | K6: 21 | L6: RUSSIA | N6: =IF(AND(K6<18,L6="INDIA"),"BELOW 18 INDIA",IF(AND(K6<18,L6<>"INDIA"),"BELOW 18"&L6,IF(AND(K6<56="INDIA"),"MIDDLE INDIA",IF(AND(K6<56,L6<>"INDIA"),"MIDDLEAGE"&L6,IF(AND(K6>56,L6="INDIA"),"SR.CIT.INDIA","SR.CIT"&L6))))) -> MIDDLEAGERUSSIA
A7: 21 | B7: =IF(A7<18,"BELOW 18","ABOVE 18") -> ABOVE 18 | K7: 14 | L7: USA | N7: =IF(AND(K7<18,L7="INDIA"),"BELOW 18 INDIA",IF(AND(K7<18,L7<>"INDIA"),"BELOW 18"&L7,IF(AND(K7<56="INDIA"),"MIDDLE INDIA",IF(AND(K7<56,L7<>"INDIA"),"MIDDLEAGE"&L7,IF(AND(K7>56,L7="INDIA"),"SR.CIT.INDIA","SR.CIT"&L7))))) -> BELOW 18USA
A8: 14 | B8: =IF(A8<18,"BELOW 18","ABOVE 18") -> BELOW 18 | K8: 13 | L8: RUSSIA | N8: =IF(AND(K8<18,L8="INDIA"),"BELOW 18 INDIA",IF(AND(K8<18,L8<>"INDIA"),"BELOW 18"&L8,IF(AND(K8<56="INDIA"),"MIDDLE INDIA",IF(AND(K8<56,L8<>"INDIA"),"MIDDLEAGE"&L8,IF(AND(K8>56,L8="INDIA"),"SR.CIT.INDIA","SR.CIT"&L8))))) -> BELOW 18RUSSIA
K9: 17 | L9: INDIA | N9: =IF(AND(K9<18,L9="INDIA"),"BELOW 18 INDIA",IF(AND(K9<18,L9<>"INDIA"),"BELOW 18"&L9,IF(AND(K9<56="INDIA"),"MIDDLE INDIA",IF(AND(K9<56,L9<>"INDIA"),"MIDDLEAGE"&L9,IF(AND(K9>56,L9="INDIA"),"SR.CIT.INDIA","SR.CIT"&L9))))) -> BELOW 18 INDIA
K10: 19 | L10: UK | N10: =IF(AND(K10<18,L10="INDIA"),"BELOW 18 INDIA",IF(AND(K10<18,L10<>"INDIA"),"BELOW 18"&L10,IF(AND(K10<56="INDIA"),"MIDDLE INDIA",IF(AND(K10<56,L10<>"INDIA"),"MIDDLEAGE"&L10,IF(AND(K10>56,L10="INDIA"),"SR.CIT.INDIA","SR.CIT"&L10))))) -> MIDDLEAGEUK
K11: 20 | L11: INDIA | N11: =IF(AND(K11<18,L11="INDIA"),"BELOW 18 INDIA",IF(AND(K11<18,L11<>"INDIA"),"BELOW 18"&L11,IF(AND(K11<56="INDIA"),"MIDDLE INDIA",IF(AND(K11<56,L11<>"INDIA"),"MIDDLEAGE"&L11,IF(AND(K11>56,L11="INDIA"),"SR.CIT.INDIA","SR.CIT"&L11))))) -> SR.CITINDIA
B12: 46062 | K12: 65 | L12: INDIA | N12: =IF(AND(K12<18,L12="INDIA"),"BELOW 18 INDIA",IF(AND(K12<18,L12<>"INDIA"),"BELOW 18"&L12,IF(AND(K12<56="INDIA"),"MIDDLE INDIA",IF(AND(K12<56,L12<>"INDIA"),"MIDDLEAGE"&L12,IF(AND(K12>56,L12="INDIA"),"SR.CIT.INDIA","SR.CIT"&L12))))) -> SR.CIT.INDIA
K13: 43 | L13: USA | N13: =IF(AND(K13<18,L13="INDIA"),"BELOW 18 INDIA",IF(AND(K13<18,L13<>"INDIA"),"BELOW 18"&L13,IF(AND(K13<56="INDIA"),"MIDDLE INDIA",IF(AND(K13<56,L13<>"INDIA"),"MIDDLEAGE"&L13,IF(AND(K13>56,L13="INDIA"),"SR.CIT.INDIA","SR.CIT"&L13))))) -> MIDDLEAGEUSA
K14: 21 | L14: UK | N14: =IF(AND(K14<18,L14="INDIA"),"BELOW 18 INDIA",IF(AND(K14<18,L14<>"INDIA"),"BELOW 18"&L14,IF(AND(K14<56="INDIA"),"MIDDLE INDIA",IF(AND(K14<56,L14<>"INDIA"),"MIDDLEAGE"&L14,IF(AND(K14>56,L14="INDIA"),"SR.CIT.INDIA","SR.CIT"&L14))))) -> MIDDLEAGEUK
K15: 19 | L15: USA | N15: =IF(AND(K15<18,L15="INDIA"),"BELOW 18 INDIA",IF(AND(K15<18,L15<>"INDIA"),"BELOW 18"&L15,IF(AND(K15<56="INDIA"),"MIDDLE INDIA",IF(AND(K15<56,L15<>"INDIA"),"MIDDLEAGE"&L15,IF(AND(K15>56,L15="INDIA"),"SR.CIT.INDIA","SR.CIT"&L15))))) -> MIDDLEAGEUSA
K16: 17 | L16: UK | N16: =IF(AND(K16<18,L16="INDIA"),"BELOW 18 INDIA",IF(AND(K16<18,L16<>"INDIA"),"BELOW 18"&L16,IF(AND(K16<56="INDIA"),"MIDDLE INDIA",IF(AND(K16<56,L16<>"INDIA"),"MIDDLEAGE"&L16,IF(AND(K16>56,L16="INDIA"),"SR.CIT.INDIA","SR.CIT"&L16))))) -> BELOW 18UK
J20: IF CONDITIONLA FALSE IRKARA SIDELA THAN MULTIPLE CONDITIONS OF VALUES VAIKA MUDIYUM IF FAIL AGRA CONDITIONS NARYA IRNTHA
M22: 46063

Sheet INDEX AND MATCH
H2: MATCH GIVES ROW NUMBER | I2: COLUM KUDTHUTU INDEX KUDTHA COLUMLA IRKARA VALUE KUDKUM
H3: MATCH | I3: INDEX(H5,B:B,B4) | J3: INDEX+MATCH
A4: EMPID | B4: EMPNAME | C4: EMPPHONE | D4: EMPSALARY | G4: EMPID | H4: EMPPJONE
A5: 101 | B5: A1 | C5: 9789 | D5: 1400 | G5: 106 | H5: =MATCH(G5,A:A,0) -> 12 | I5: {=INDEX(C:C,H5)} -> 9796 | J5: =INDEX(C:C,MATCH(A7,A:A,0)) -> 9791
A6: 110 | B6: A2 | C6: 9790 | D6: 1450 | G6: 108 | H6: =MATCH(G6,A:A,0) -> 14 | I6: {=INDEX(C:C,H6)} -> 9798 | J6: =INDEX(C:C,MATCH(A8,A:A,0)) -> 9792
A7: 104 | B7: A3 | C7: 9791 | D7: 1250 | G7: 103 | H7: =MATCH(G7,A:A,0) -> 10 | I7: {=INDEX(C:C,H7)} -> 9794 | J7: =INDEX(C:C,MATCH(A9,A:A,0)) -> 9793
A8: 102 | B8: A4 | C8: 9792 | D8: 1600
A9: 107 | B9: A5 | C9: 9793 | D9: 1800
A10: 103 | B10: A6 | C10: 9794 | D10: 1400
A11: 105 | B11: A7 | C11: 9795 | D11: 2000
A12: 106 | B12: A8 | C12: 9796 | D12: 1400
A13: 109 | B13: A8 | C13: 9797 | D13: 2000
A14: 108 | B14: A9 | C14: 9798 | D14: 1400
A17: UNIQUE VALUES ARE CALLED AS LOOKUP VALUES
A18: EXCEL REVERSELA TRAVEL PANATHU FOR THAT WE USE INDEX AND MATCH

Sheet AND OR
K3: AND | L3: OR
D4: 46063 | H4: AGE | I4: COUNTRY
H5: 18 | I5: INDIA | K5: =AND(H5<18,I5="INDIA") -> FALSE | L5: =OR(H5<18,I5="INDIA") -> TRUE
H6: 21 | I6: RUSSIA | K6: =AND(H6<18,I6="INDIA") -> FALSE | L6: =OR(H6<18,I6="INDIA") -> FALSE
H7: 14 | I7: USA | K7: =AND(H7<18,I7="INDIA") -> FALSE | L7: =OR(H7<18,I7="INDIA") -> TRUE
D8: AND IS T ONLY WHEN T AND T | H8: 13 | I8: RUSSIA | K8: =AND(H8<18,I8="INDIA") -> FALSE | L8: =OR(H8<18,I8="INDIA") -> TRUE
D9: OR IS F ONLY WHEN F AND F | H9: 17 | I9: INDIA | K9: =AND(H9<18,I9="INDIA") -> TRUE | L9: =OR(H9<18,I9="INDIA") -> TRUE
H10: 19 | I10: UK | K10: =AND(H10<18,I10="INDIA") -> FALSE | L10: =OR(H10<18,I10="INDIA") -> FALSE
H11: 20 | I11: INDIA | K11: =AND(H11<18,I11="INDIA") -> FALSE | L11: =OR(H11<18,I11="INDIA") -> TRUE
H12: 65 | I12: INDIA | K12: =AND(H12<18,I12="INDIA") -> FALSE | L12: =OR(H12<18,I12="INDIA") -> TRUE
H13: 43 | I13: USA | K13: =AND(H13<18,I13="INDIA") -> FALSE | L13: =OR(H13<18,I13="INDIA") -> FALSE
H14: 21 | I14: UK | K14: =AND(H14<18,I14="INDIA") -> FALSE | L14: =OR(H14<18,I14="INDIA") -> FALSE
H15: 19 | I15: USA | K15: =AND(H15<18,I15="INDIA") -> FALSE | L15: =OR(H15<18,I15="INDIA") -> FALSE
H16: 17 | I16: UK | K16: =AND(H16<18,I16="INDIA") -> FALSE | L16: =OR(H16<18,I16="INDIA") -> TRUE

Sheet V,H,X LOOKUP
A3: EMPID | B3: EMPNAME | C3: EMPPHONE | D3: EMPSALARY | J3: EMPNAME | K3: EMPPHONE | L3: IFNA(VLOOKUP) | N3: INDEX/MATCH
A4: 101 | B4: A1 | C4: 9789 | D4: 1400 | I4: 110 | J4: =VLOOKUP(I4,'INDEX AND MATCH'!A:D,2,FALSE) -> A2 | K4: =VLOOKUP(I5,'INDEX AND MATCH'!A:D,3,0) -> 9795 | L4: =_xlfn.IFNA(VLOOKUP(I4,'INDEX AND MATCH'!A:D,3,FALSE),"VALUE IS NOT AVAILABLE") -> 9790 | M4: A1 | N4: =INDEX('INDEX AND MATCH'!A:A,MATCH(M4,'INDEX AND MATCH'!B:B,0)) -> 101
A5: 110 | B5: A2 | C5: 9790 | D5: 1450 | I5: 105 | J5: =VLOOKUP(I5,'INDEX AND MATCH'!A:D,2,FALSE) -> A7 | K5: =VLOOKUP(I6,'INDEX AND MATCH'!A:D,3,0) -> 9793 | L5: =_xlfn.IFNA(VLOOKUP(I5,'INDEX AND MATCH'!A:D,3,FALSE),"VALUE IS NOT AVAILABLE") -> 9795 | M5: A2 | N5: =INDEX('INDEX AND MATCH'!A:A,MATCH(M5,'INDEX AND MATCH'!B:B,0)) -> 110
A6: 104 | B6: A3 | C6: 9791 | D6: 1250 | H6: 46063 | I6: 107 | J6: =VLOOKUP(I6,'INDEX AND MATCH'!A:D,2,FALSE) -> A5 | K6: =VLOOKUP(I7,'INDEX AND MATCH'!A:D,3,0) -> #N/A | L6: =_xlfn.IFNA(VLOOKUP(I6,'INDEX AND MATCH'!A:D,3,FALSE),"VALUE IS NOT AVAILABLE") -> 9793 | M6: A3 | N6: =INDEX('INDEX AND MATCH'!A:A,MATCH(M6,'INDEX AND MATCH'!B:B,0)) -> 104
A7: 102 | B7: A4 | C7: 9792 | D7: 1600 | I7: 113 | K7: =VLOOKUP(I8,'INDEX AND MATCH'!A:D,3,0) -> #N/A | L7: =_xlfn.IFNA(VLOOKUP(I7,'INDEX AND MATCH'!A:D,3,FALSE),"VALUE IS NOT AVAILABLE") -> VALUE IS NOT AVAILABLE
A8: 107 | B8: A5 | C8: 9793 | D8: 1800
A9: 103 | B9: A6 | C9: 9794 | D9: 1400
A10: 105 | B10: A7 | C10: 9795 | D10: 2000
A11: 106 | B11: A8 | C11: 9796 | D11: 1400
A12: 109 | B12: A8 | C12: 9797 | D12: 2000
A13: 108 | B13: A9 | C13: 9798 | D13: 1400
B16: IMPPPPP
B18: SALES | C18: PROFIT | D18: QUANTITY | G18: JAN | H18: FEB | I18: MARCH | J18: APRIL | L18: HLOOKUP | S18: XLOOKUP | T18: XLOOKUP
A19: JAN | F19: SALES | G19: 400 | H19: 450 | I19: 100 | J19: 5000 | L19: =HLOOKUP("MARCH",G18:J22,3,FALSE) -> 250 | N19: EMPID | O19: NAME | P19: DEPT | Q19: SALARY | S19: TO FIND NAME | T19: TO FIND DEPT
A20: FEB | F20: PROFIT | G20: 140 | H20: 150 | I20: 250 | J20: 1700 | L20: =HLOOKUP("FEB",G18:J21,3,FALSE) -> 150 | N20: 101 | O20: A | P20: QA | Q20: 1000 | S20: =_xlfn.XLOOKUP(104,N$16:N$28,O$16:O$28,"NOT AVAILABLE",0) -> D | T20: =_xlfn.XLOOKUP(102,N$16:N$28,P$16:P$28,"NOT FOUND",0) -> DEV
A21: MARCH | F21: QUANTITY | G21: 25 | H21: 50 | I21: 60 | J21: 75 | N21: 102 | O21: B | P21: DEV | Q21: 2000
A22: APRIL | N22: 103 | O22: C | P22: QA | Q22: 1500
N23: 104 | O23: D | P23: DEV | Q23: 3000
H24: HLOOKUP | N24: 104 | O24: E | P24: DEV | Q24: 2500
B25: VLOOKUP
B26: Travels colum wise | F26: travels row wise | O26: XLOOKUP
I27: 46064 | Q27: travels all direction

Sheet logical functions
A1: VALUE | B1: ISODD | C1: IS EVEN | D1: IS NUMBER | E1: IS BLANK | F1: ISNOT TEXT | H1: VALUE | I1: islogical | J1: isformula
A2: 4 | B2: =ISODD(A2) -> FALSE | C2: =ISEVEN(A2) -> TRUE | D2: =ISNUMBER(A2) -> TRUE | E2: =ISBLANK(A2) -> FALSE | F2: =ISNONTEXT(A2) -> TRUE | H2: 0 | I2: =ISLOGICAL(H2) -> FALSE | J2: =_xlfn.ISFORMULA(H3) -> FALSE
A3: 15 | B3: =ISODD(A3) -> TRUE | C3: =ISEVEN(A3) -> FALSE | D3: =ISNUMBER(A3) -> TRUE | E3: =ISBLANK(A3) -> FALSE | F3: =ISNONTEXT(A3) -> TRUE | H3: TRUE | I3: =ISLOGICAL(H3) -> TRUE | J3: =_xlfn.ISFORMULA(H4) -> FALSE
A4: 14 | B4: =ISODD(A4) -> FALSE | C4: =ISEVEN(A4) -> TRUE | D4: =ISNUMBER(A4) -> TRUE | E4: =ISBLANK(A4) -> FALSE | F4: =ISNONTEXT(A4) -> TRUE | H4: ABC | I4: =ISLOGICAL(H4) -> FALSE | J4: =_xlfn.ISFORMULA(H5) -> FALSE
A5: 12 | B5: =ISODD(A5) -> FALSE | C5: =ISEVEN(A5) -> TRUE | D5: =ISNUMBER(A5) -> TRUE | E5: =ISBLANK(A5) -> FALSE | F5: =ISNONTEXT(A5) -> TRUE | H5: XYZ | I5: =ISLOGICAL(H5) -> FALSE | J5: =_xlfn.ISFORMULA(I5) -> TRUE
A6: 7 | B6: =ISODD(A6) -> TRUE | C6: =ISEVEN(A6) -> FALSE | D6: =ISNUMBER(A6) -> TRUE | E6: =ISBLANK(A6) -> FALSE | F6: =ISNONTEXT(A6) -> TRUE | H6: FALSE | I6: =ISLOGICAL(H6) -> TRUE
A7: 9 | B7: =ISODD(A7) -> TRUE | C7: =ISEVEN(A7) -> FALSE | D7: =ISNUMBER(A7) -> TRUE | E7: =ISBLANK(A7) -> FALSE | F7: =ISNONTEXT(A7) -> TRUE | H7: 1 | I7: =ISLOGICAL(H7) -> FALSE
A8: SUBA | B8: =ISODD(A8) -> #VALUE! | C8: =ISEVEN(A8) -> #VALUE! | D8: =ISNUMBER(A8) -> FALSE | E8: =ISBLANK(A8) -> FALSE | F8: =ISNONTEXT(A8) -> FALSE | H8: TRUE | I8: =ISLOGICAL(H8) -> TRUE
E9: =ISBLANK(A9) -> TRUE | F9: =ISNONTEXT(A9) -> TRUE | H9: FALSE | I9: =ISLOGICAL(H9) -> TRUE
H10: abc | I10: =ISLOGICAL(H10) -> FALSE
B23: IS MAKES OUTPUT ONLY ON TRUE OR FALSE
B25: true and false is the only logical value in excel
B27: is formula= if malualluy selected false…if formula typed returns true

Sheet NUMERICAL FUNCTIONS
A1: NUMBERS | B1: ABS | C1: SIGN | D1: POWER | E1: TRUNC | F1: ROUND | G1: roundup | H1: int | I1: division | J1: SUM | K1: MOD | L1: AVG | M1: MAX | N1: MIN | O1: SQRT | Q1: STUDENT MARK | R1: 2ND LARGEST | S1: 3RD SMALLEST | U1: STUDENT MARKS | V1: MODE | W1: MEDIAN
A2: 5452 | B2: =ABS(A2) -> 5452 | C2: =SIGN(A2) -> 1 | D2: =POWER(A2,2) -> 29724304 | E2: =TRUNC(A2,2) -> 5452 | F2: =ROUND(A2,2) -> 5452 | G2: =ROUNDUP(A2,3) -> 5452 | H2: =INT(A2) -> 5452 | I2: =A2/3 -> 1817.3333 | J2: =SUM(A:A) -> 74970.013 | K2: =MOD(A2,3) -> 1 | L2: =AVERAGE(A:A) -> 2998.8005 | M2: =MAX(A:A) -> 8455 | N2: =MIN(A:A) -> -8881 | O2: =SQRT(A2) -> 73.83766 | Q2: 87 | R2: =LARGE(Q2:Q11,2) -> 96 | S2: =SMALL(Q2:Q11,3) -> 63 | U2: 1 | V2: =MODE(U2:U13) -> 4 | W2: =MEDIAN(U2:U13) -> 3.5
A3: -5112 | B3: =ABS(A3) -> 5112 | C3: =SIGN(A3) -> -1 | D3: =POWER(A3,2) -> 26132544 | E3: =TRUNC(A3,2) -> -5112 | F3: =ROUND(A3,2) -> -5112 | G3: =ROUNDUP(A3,3) -> -5112 | H3: =INT(A3) -> -5112 | J3: =SUM(A:A) -> 74970.013 | K3: =MOD(A3,3) -> 0 | O3: =SQRT(A3) -> #NUM! | Q3: 96 | U3: 4
A4: 846.1451 | B4: =ABS(A4) -> 846.1451 | C4: =SIGN(A4) -> 1 | D4: =POWER(A4,2) -> 715961.53 | E4: =TRUNC(A4,2) -> 846.14 | F4: =ROUND(A4,2) -> 846.15 | G4: =ROUNDUP(A4,3) -> 846.146 | H4: =INT(A4) -> 846 | J4: =SUM(A:A) -> 74970.013 | K4: =MOD(A4,3) -> 0.1451 | O4: =SQRT(A4) -> 29.088573 | Q4: 78 | U4: 1
A5: 4155 | B5: =ABS(A5) -> 4155 | C5: =SIGN(A5) -> 1 | D5: =POWER(A5,2) -> 17264025 | E5: =TRUNC(A5,2) -> 4155 | F5: =ROUND(A5,2) -> 4155 | G5: =ROUNDUP(A5,3) -> 4155 | H5: =INT(A5) -> 4155 | J5: =SUM(A:A) -> 74970.013 | K5: =MOD(A5,3) -> 0 | O5: =SQRT(A5) -> 64.459289 | Q5: 12 | U5: 4
A6: 7894 | B6: =ABS(A6) -> 7894 | C6: =SIGN(A6) -> 1 | D6: =POWER(A6,2) -> 62315236 | E6: =TRUNC(A6,2) -> 7894 | F6: =ROUND(A6,2) -> 7894 | G6: =ROUNDUP(A6,3) -> 7894 | H6: =INT(A6) -> 7894 | J6: =SUM(A:A) -> 74970.013 | K6: =MOD(A6,3) -> 1 | O6: =SQRT(A6) -> 88.848185 | Q6: 45 | U6: 2
A7: 5632 | B7: =ABS(A7) -> 5632 | C7: =SIGN(A7) -> 1 | D7: =POWER(A7,2) -> 31719424 | E7: =TRUNC(A7,2) -> 5632 | F7: =ROUND(A7,2) -> 5632 | G7: =ROUNDUP(A7,3) -> 5632 | H7: =INT(A7) -> 5632 | J7: =SUM(A:A) -> 74970.013 | K7: =MOD(A7,3) -> 1 | O7: =SQRT(A7) -> 75.046652 | Q7: 63 | U7: 2
A8: 1238 | B8: =ABS(A8) -> 1238 | C8: =SIGN(A8) -> 1 | D8: =POWER(A8,2) -> 1532644 | E8: =TRUNC(A8,2) -> 1238 | F8: =ROUND(A8,2) -> 1238 | G8: =ROUNDUP(A8,3) -> 1238 | H8: =INT(A8) -> 1238 | J8: =SUM(A:A) -> 74970.013 | K8: =MOD(A8,3) -> 2 | O8: =SQRT(A8) -> 35.185224 | Q8: 78 | U8: 2
A9: -1515 | B9: =ABS(A9) -> 1515 | C9: =SIGN(A9) -> -1 | D9: =POWER(A9,2) -> 2295225 | E9: =TRUNC(A9,2) -> -1515 | F9: =ROUND(A9,2) -> -1515 | G9: =ROUNDUP(A9,3) -> -1515 | H9: =INT(A9) -> -1515 | J9: =SUM(A:A) -> 74970.013 | K9: =MOD(A9,3) -> 0 | O9: =SQRT(A9) -> #NUM! | Q9: 96 | U9: 3
A10: 2356.5445 | B10: =ABS(A10) -> 2356.5445 | C10: =SIGN(A10) -> 1 | D10: =POWER(A10,2) -> 5553302 | E10: =TRUNC(A10,2) -> 2356.54 | F10: =ROUND(A10,2) -> 2356.54 | G10: =ROUNDUP(A10,3) -> 2356.545 | H10: =INT(A10) -> 2356 | J10: =SUM(A:A) -> 74970.013 | K10: =MOD(A10,3) -> 1.5445 | O10: =SQRT(A10) -> 48.544253 | Q10: 75 | U10: 4
A11: 8412 | B11: =ABS(A11) -> 8412 | C11: =SIGN(A11) -> 1 | D11: =POWER(A11,2) -> 70761744 | E11: =TRUNC(A11,2) -> 8412 | F11: =ROUND(A11,2) -> 8412 | G11: =ROUNDUP(A11,3) -> 8412 | H11: =INT(A11) -> 8412 | J11: =SUM(A:A) -> 74970.013 | K11: =MOD(A11,3) -> 0 | O11: =SQRT(A11) -> 91.716956 | Q11: 98 | U11: 4
A12: -1646 | B12: =ABS(A12) -> 1646 | C12: =SIGN(A12) -> -1 | D12: =POWER(A12,2) -> 2709316 | E12: =TRUNC(A12,2) -> -1646 | F12: =ROUND(A12,2) -> -1646 | G12: =ROUNDUP(A12,3) -> -1646 | H12: =INT(A12) -> -1646 | J12: =SUM(A:A) -> 74970.013 | K12: =MOD(A12,3) -> 1 | O12: =SQRT(A12) -> #NUM! | U12: 4
A13: 6546 | B13: =ABS(A13) -> 6546 | C13: =SIGN(A13) -> 1 | D13: =POWER(A13,2) -> 42850116 | E13: =TRUNC(A13,2) -> 6546 | F13: =ROUND(A13,2) -> 6546 | G13: =ROUNDUP(A13,3) -> 6546 | H13: =INT(A13) -> 6546 | J13: =SUM(A:A) -> 74970.013 | K13: =MOD(A13,3) -> 0 | O13: =SQRT(A13) -> 80.907354 | U13: 7
A14: 5451 | B14: =ABS(A14) -> 5451 | C14: =SIGN(A14) -> 1 | D14: =POWER(A14,2) -> 29713401 | E14: =TRUNC(A14,2) -> 5451 | F14: =ROUND(A14,2) -> 5451 | G14: =ROUNDUP(A14,3) -> 5451 | H14: =INT(A14) -> 5451 | J14: =SUM(A:A) -> 74970.013 | K14: =MOD(A14,3) -> 0 | O14: =SQRT(A14) -> 73.830888
A15: 5213 | B15: =ABS(A15) -> 5213 | C15: =SIGN(A15) -> 1 | D15: =POWER(A15,2) -> 27175369 | E15: =TRUNC(A15,2) -> 5213 | F15: =ROUND(A15,2) -> 5213 | G15: =ROUNDUP(A15,3) -> 5213 | H15: =INT(A15) -> 5213 | J15: =SUM(A:A) -> 74970.013 | K15: =MOD(A15,3) -> 2 | O15: =SQRT(A15) -> 72.201108
A16: 4789 | B16: =ABS(A16) -> 4789 | C16: =SIGN(A16) -> 1 | D16: =POWER(A16,2) -> 22934521 | E16: =TRUNC(A16,2) -> 4789 | F16: =ROUND(A16,2) -> 4789 | G16: =ROUNDUP(A16,3) -> 4789 | H16: =INT(A16) -> 4789 | J16: =SUM(A:A) -> 74970.013 | K16: =MOD(A16,3) -> 1 | O16: =SQRT(A16) -> 69.202601
A17: 1.323 | B17: =ABS(A17) -> 1.323 | C17: =SIGN(A17) -> 1 | D17: =POWER(A17,2) -> 1.750329 | E17: =TRUNC(A17,2) -> 1.32 | F17: =ROUND(A17,2) -> 1.32 | G17: =ROUNDUP(A17,3) -> 1.323 | H17: =INT(A17) -> 1 | J17: =SUM(A:A) -> 74970.013 | K17: =MOD(A17,3) -> 1.323 | O17: =SQRT(A17) -> 1.1502174 | T17: MODE = MOST REPEATED
A18: 4521 | B18: =ABS(A18) -> 4521 | C18: =SIGN(A18) -> 1 | D18: =POWER(A18,2) -> 20439441 | E18: =TRUNC(A18,2) -> 4521 | F18: =ROUND(A18,2) -> 4521 | G18: =ROUNDUP(A18,3) -> 4521 | H18: =INT(A18) -> 4521 | J18: =SUM(A:A) -> 74970.013 | K18: =MOD(A18,3) -> 0 | O18: =SQRT(A18) -> 67.238382
A19: 7962 | B19: =ABS(A19) -> 7962 | C19: =SIGN(A19) -> 1 | D19: =POWER(A19,2) -> 63393444 | E19: =TRUNC(A19,2) -> 7962 | F19: =ROUND(A19,2) -> 7962 | G19: =ROUNDUP(A19,3) -> 7962 | H19: =INT(A19) -> 7962 | J19: =SUM(A:A) -> 74970.013 | K19: =MOD(A19,3) -> 0 | O19: =SQRT(A19) -> 89.23004
A20: 1122 | B20: =ABS(A20) -> 1122 | C20: =SIGN(A20) -> 1 | D20: =POWER(A20,2) -> 1258884 | E20: =TRUNC(A20,2) -> 1122 | F20: =ROUND(A20,2) -> 1122 | G20: =ROUNDUP(A20,3) -> 1122 | H20: =INT(A20) -> 1122 | J20: =SUM(A:A) -> 74970.013 | K20: =MOD(A20,3) -> 0 | O20: =SQRT(A20) -> 33.496268
A21: 1111 | B21: =ABS(A21) -> 1111 | C21: =SIGN(A21) -> 1 | D21: =POWER(A21,2) -> 1234321 | E21: =TRUNC(A21,2) -> 1111 | F21: =ROUND(A21,2) -> 1111 | G21: =ROUNDUP(A21,3) -> 1111 | H21: =INT(A21) -> 1111 | J21: =SUM(A:A) -> 74970.013 | K21: =MOD(A21,3) -> 1 | O21: =SQRT(A21) -> 33.331667
A22: 2222 | B22: =ABS(A22) -> 2222 | C22: =SIGN(A22) -> 1 | D22: =POWER(A22,2) -> 4937284 | E22: =TRUNC(A22,2) -> 2222 | F22: =ROUND(A22,2) -> 2222 | G22: =ROUNDUP(A22,3) -> 2222 | H22: =INT(A22) -> 2222 | J22: =SUM(A:A) -> 74970.013 | K22: =MOD(A22,3) -> 2 | O22: =SQRT(A22) -> 47.138095
A23: 3333 | B23: =ABS(A23) -> 3333 | C23: =SIGN(A23) -> 1 | D23: =POWER(A23,2) -> 11108889 | E23: =TRUNC(A23,2) -> 3333 | F23: =ROUND(A23,2) -> 3333 | G23: =ROUNDUP(A23,3) -> 3333 | H23: =INT(A23) -> 3333 | J23: =SUM(A:A) -> 74970.013 | K23: =MOD(A23,3) -> 0 | O23: =SQRT(A23) -> 57.73214
A24: 5412 | B24: =ABS(A24) -> 5412 | C24: =SIGN(A24) -> 1 | D24: =POWER(A24,2) -> 29289744 | E24: =TRUNC(A24,2) -> 5412 | F24: =ROUND(A24,2) -> 5412 | G24: =ROUNDUP(A24,3) -> 5412 | H24: =INT(A24) -> 5412 | J24: =SUM(A:A) -> 74970.013 | K24: =MOD(A24,3) -> 0 | O24: =SQRT(A24) -> 73.566297
A25: -8881 | B25: =ABS(A25) -> 8881 | C25: =SIGN(A25) -> -1 | D25: =POWER(A25,2) -> 78872161 | E25: =TRUNC(A25,2) -> -8881 | F25: =ROUND(A25,2) -> -8881 | G25: =ROUNDUP(A25,3) -> -8881 | H25: =INT(A25) -> -8881 | J25: =SUM(A:A) -> 74970.013 | K25: =MOD(A25,3) -> 2 | O25: =SQRT(A25) -> #NUM!
A26: 8455 | B26: =ABS(A26) -> 8455 | C26: =SIGN(A26) -> 1 | D26: =POWER(A26,2) -> 71487025 | E26: =TRUNC(A26,2) -> 8455 | F26: =ROUND(A26,2) -> 8455 | G26: =ROUNDUP(A26,3) -> 8455 | H26: =INT(A26) -> 8455 | J26: =SUM(A:A) -> 74970.013 | K26: =MOD(A26,3) -> 1 | O26: =SQRT(A26) -> 91.951074
B28: ABS = SIGN IGNORE PANI VALUE SAMEA RETURN PANNUM
B29: SIGN= SHOWS SIGN
B30: POWER= 4squr= 16
B31: trunc= cut decimal
B32: mod = remainder output
